english,korean
knowledgeable,ad . ( 사람 수식 ) 아는 것이 많은 . 잘 아는
recognize,v . ( 공로 를 ) 인정 하다 : 알아 보다
updated,adj . 최신 의 , 업데이트 된
provide,v . 제공 하다 . 주다
regulation,n . 규제 , 규정
precisely,adv . 정확히
perspective,n . 관점 , 견해 시각
knowledgeably,adv . 박식 하게
knowledge,n . 지식 ( 불가 산 명사 ) : 이해 ( 가산 명사 )
honor,명예 를 주다
realize,인식 하다 확실히 이해 하다
recognition,n . 알아 봄 , 인식 , 인정
recognizable,adj . 인식 할 수 있는 , 알아볼 수 있는
be recognized for,~로 인정 받다
be credited with,~로 인정 받다
in recognition of,~를 인정하여
advertising agency,광고 업체
approaching date,다가오는 날짜
approaching storm,다가오는 폭풍
boarding ticket,탑승권
challenging task,힘든 과제
connecting flight,연결편
declining demand,감소 하는 수요
demanding boss,까다로운 / 힘든 상사
differing/varying opinion,차이 가 나는 의견
developing country,| 개발 도상국가
emerging technology,| 떠오르는 기술
emerging market/company,신흥 시장 / 회사
encouraging remark,격려 의 / 고무 적인 말
existing equipment,기존 장비
increasing pressure,증가 하는 압력
lasting effect/memory,지속적인 효과 / 기억
accomplished mission/musician,성취 된 미션 / 숙달 된 음악가
attached document,첨부 된 문서
celebrated landmarks,유명한 관광 명소
classified ad,구인 [ 구직 ] 광고
combined efforts,결합 된 노력
completed form,작성된 양식 / 문서
customized/personalized products,주문 제작 / 맞춤형 제품
damaged items,손상된 물건
designated area/spots,지정된 지역 / 장소
detailed information,자세한 정보
dedicated/devoted/committed staff,헌신적인 직원
developed country,선진국
disabled/handicapped people,장애인
distinguished/renowned architect,뛰어난 / 유명한 건축가
enclosed document,동봉 된 문서
enclosed parking garage,실내 주차장
lasting impression,지속적인 인상
leading company,일류 / 선도 하는 회사
missing luggage (=misplaced, lost),분실 한 수화물
monitoring system,검열 체계
neighboring area,인근 지역
ongoing matter,진행중인 일
opening/closing remarks,개회사 / 폐회사
ordering procedures,주문 절차
pressing matter,긴박한 문제
promising member,유망한 회원
promising location,유망한 장소
recurring problem,반복 하는 문제
remaining work/employees,남은 일 / 직원 들
rewarding effort,보람 있는 노력
rising/increasing cost,증가 하는 비용
surrounding area,주변 환경
striking agreement,인상적인 합의
overwhelming order,압도적 인 주문
presiding officer,사회자
weakening economy,경제 약세
widening gap,큰 격차
convincing argument,설득력 있는 주장
estimated arrival time,도착 예정 시간
estimated delivery date,예상 배송일
extended working hours,연장 근무 시간
established company,확고한 중견 기업
experienced people,능숙한 사람
featured article/speaker,특집 기사 / 특별 연사
featured attraction/spot,특징 이 되는 장소
finished product,완제품
guided tour,가이드 여행
handcrafted piece,수 제품
limited warranty/items/time,보증 제한 / 제한된 품목 / 시간
newly purchased item,새롭게 구입 한 IT
newly appointed C.E.O.,새롭게 임명 된C.E.O.
preferred means,선호 되는 수단
proposed/suggested plan,제안 된 계획
processed foods,가공 식품
recycled paper,재활용 종이
qualified applicant,적격 인 지원자
selected candidate,선택된 후보
skilled/experienced/seasoned,숙련 된 직원
unbiased advice,편견 없는 조언
updated version/line,업데이트 된 버전 / 제품군
valued customer,가치 있는 고객
written consent/permission,서면 동의 / 허가
written exam,필기 시험
be busy - ing,~ 하느라 바쁘다
be worth - ing,~ 할 가치 가 있다
feel like - ing,~ 하고 싶어 하다
refrain from - ing,삼가다
spend 시간 / 돈 ing,~ 하는 데 ( 시간 / 돈 ) 을 쓰다
prevent prohibit 목 rom - ing,- 하는 것을 막다
have trouble difficulty ing,- 하는 데 어려움 을 겪다
prior to N / Hing,~ 하기 전에
on ( upon ] N / -ing,~ 하자마자
by - ing,~ 함으로써
in -ing,- 함에 있어서
for N / -ing,~ 를 위해 , 대해서
be used to N/-ing,~에 익숙하다
be accustomed to N/-ing,~에 익숙하다
be familiar with,~에 익숙하다
be devoted/dedicated/committed to N/-ing,~에 전념 헌신 기여하다
contribute to N/-ing,~에 기여하다
be opposed to N/-ing,~에 반대하다
object to N/-ing,~에 반대하다
oppose N/-ing,~에 반대하다
be subject to N/-ing,~ 의 대상이다 ~의 영향을 받기 쉽다
be capable of N/-ing,~할 수 있다
be resistant to N/-ing,~에 저항하다 강하다
look forward to N/-ing,~를 기대하다
reply/respond/react to N/-ing,~에 응답하다 반응하다
lead to N / -ing,~ 를 초래 하다 . 야기 하다
object to N / -ing,~ 에 반대 하다
contribute to N / -ing,~ 에 기여 하다
aporeciate -ing,감사 하다
consider - ing,고려 하다
suggest -ing,제안 하다
recommend - ing,추천 하다
advise - ing,조언 , 충고 하다
include -ing,포함 하다
involve -ing,포함 하다
keep - ing,계속 하다
practice - ing,연습 하다
enjoy -ing,즐기다
admit - ing,인정 하다
deny - ing,부인 하다
postpone -ing,연기하다
put off -ing,연기하다
put off-ing,연기하다
discontinue(=quit) -ing,중단하다
finish -ing,끝내다
stop -ing,멈추다
dislike - ing,싫어 하다
mind -ing,꺼리다
avoid -ing,피하다
give up - ing,포기 하다
resist - ing,저항 하다
advertising,광고 ( 업 )
boarding,탑승
spending,지출 , 소비
funding,자금 조달
accounting,회계
housing,주택 ( 공급 )
planning,계획
cleaning,청소
widening,확장 , 확대
processing,처리 / 절차 / 가공
hearing,청각 / 공청회
pricing,가격 책정
opening,공석 , 개막식
staffing,직원 배치
training,훈련
sightseeing,관광
ability to V,- 할 수 있는 능력
plan to V,- 할 계획
initiative to V,- 할 계획
effort to V,하기 위한 노력
way to V,- 할 방법
discussion to V,- 할 수 있다
be about to v,막 ~ 하려고 하다
be willing to V,기꺼이 ~ 하다
be eligible/entitled/qualified to V,할 자격 이 있다
encouraged/urged to V,~ 하도록 권고되다
concentrate,v . 집중 하다
concentrated,농축 된 : 밀집된
concentration,집중 , 전념 농축 , 응축
concentrative,집중적인
concentration on sth,정신 집중 / ( 노력 등 의 ) 집중
concentration of sth,( 무엇이 한 곳에 모이는 ) 집중
outline,v . 윤곽 을 나타내 다 . 개요 를 서술 하다 n . 개요 , 윤곽
quarterly sales,분기 별 매출
attire,의복
result,n . 결과 v.- 로부터 발생 하다 ( from ) : - 을 초래 하다 ( in )
as a result of,- 의 결과 원인
release survey results,설문 결과 를 공개 하다
result in 결과,~ 을 초래 하다
lead to 결과,~ 을 초래 하다
cause 결과,~ 을 초래 하다
result from 원인,- 로부터 발생 하다
markedly,adv . 현저 하게 , 두드러 지게 , 상당히
soak,v.- 을 홈뻑 적시다
indefinitely,adv . 무 ( 기 ) 한 으로
managerial,관리 의
relocate,이전 하다
relocation,재배치
delay,n . 지연 , 지체 v . 미루다 . 연기 하다
eligible,adj . 자격 이 있는 , 적임 의 , 적격 인
eligibility,n . 적임 , 적격
candidate,n . 지원자 , 후보자
enforce,v . 강요 하다 ; 시행 하다
distributor,n . 유통 업자 [ 체 ] , 배급 업자
distribute,v . 배포 하다 . 배급 하다
distribution,n . 배포 , 배급
distributive,adj . ( 상품 ) 유통 의
distribute A to B,A 를 B 에게 배포 하다
costly,adj . 비용 이 많이 드는 , 값 비싼
leisurely,한가로운 , 여유 있는
likely,가능성 있는
timely,시기 적절한
credential,n . 홀륭 한 경력 , 학력 . 자격 ( 성적 ) 증명서 v . 자격증 을 주다
be given preference,phr . 우대 를 받다
issue,v . 지급 ( 발급 ] 하다 , 발행 ( 출판 ] 하 다 n . 문제 , 쟁점 : ( 잡지 등 의 ) ~ 호 , 출판물 발행
diligently,adv . 부지런히 , 열심히
critical,adj . 대단히 중요한 : 비판적인
supplement,v . 보충 ( 추가 ] 하다 n 보충 ( 추가 ] ( 물 ) : ( 책 의 ) 부록 : ( 신문 의 ) 증보판
supplementary,adj . 보충 의 , 추가 의
profile,v . 프로필 을 알려주 다 ( 작성 하다 ] n . 측면 : 프로필 , 인물 소개
keep [ maintain ] a low profile,겸손 함 을 유지 하다 . 몸 을 사리다
reportedly,adv . 보도 에 의하면 , 알려진 바에 따르면
appointee,n . 지명 된 사람
appointment,n . 임명 , 지명
appointment,n . 임명 , 지명 : 예약 , 약속
incorporate,일부로 포함 하다
incorporation,n . 포함 법인 설립 , 법인 단체 , 회사 ( corporation )
incorporated,adj . 법인 조직의
adjacent,adj . ( 지역 · 건물 등 이 ) 인접한 . 가까운
adjacent to 장소,- 에 인접한
personnel,n . 직원 들 , 인력 : 인사과
occupancy,n . 사용 , 점유 , 거주
colleague,n . 동료
on-call,adj 대기 중인 ( 전화 만 하면 언제든지 달려가 는 )
maintenance,n . 보수 관리 , 유지
maintain,v . 유지 하다 . 보수 하다
committed,ad . 헌신적 인 , 전념 하는
commitment,n . 전념 , 헌신
be committed[dedicated/devoted) to,~에 기여하다 헌신하다
simplify,v . 간소화 하다 , 단순화 하다
retrieve,v . 되찾다 . 회수 하다 : 정보 를 검색 하다
retrieve luggage,수화물 ( 짐 ) 을 찾다
agreement,n . 동의 , 합의 , 협약
in agreement of,~ 에 동의 하는
expedite,v . 신속히 처리 하다 . 진척 시키다
expeditious,adj . 신속한
culinary,adj 요리의
destination,n . 행선지 , 도착지 , 목적지
assortment,n . 모음
an assortment of 복수 명사,여러 가지의
unanimous,adj . 만장일치의
encouragement,n . 격려 , 장려
encourage 목적어 to V,- 하도록 권장 하다 장려 하다
be encouraged to V,- 하도록 권장 받다
easily,adv . 쉽게 , 용이 하게
normally,adv . 일반적 으로 , 보통
past,prep . 지나서 adj . 지난 , 과거 의
nomalize,v . 정상화 되다
normality,n . 정상 상태
conveniently,adv . 편리 하게
review,v . 검토 하다 , 평가 하다 n . 검토 , 평가 : 재검토
promising,adv . 유망한 , 장래성 있는
reputation,n . 평판 , 명성
permission,n . 허가 , 승인
be bound to V,phr . 틀림 없이 / 반드시 ~ 할 것이다
enhance,v . 향상 시키다 . 강화 하다
enroll,v . 등록 하다
associate,n . ( 사업 / 직장 ) 동료 : 직원 v . 관련 시키다
enclosed,adj . 동봉 된 : 둘러싸인 , 에워 싸인
feature,v . ~ 을 특징 으로 하다 , ~ 을 특별히 포함 하다 n . 특징 , 특색
characteristic,n . 특징
whereas,반면에
distribution,n . 배포 , 유통 , 분배
specifics,n . 세부 사항
otherwise,adv . 달리 : 그렇지 않으면
increment,n . ( 양적 ) 증가 임금 인상
effective,ad ( 법률 , 규정 등 이 ) 시행 되는 : 발효 되는 효과적인
in addition,phr . 덧붙여 , 게다가
redeem,v . 되찾다 . ( 상품권 등 을 ) 상품 이나 현금 으로 교환 하다
priority,n . 우선 사항 , 우선권
track,v . ( 전개 / 진행 과정 을 ) 추적 하다 n . 궤도 , 선로 : 지나온 자국
retain,v . 보유 하다 . 유지 하다
monitor,v . 주시 [ 모니터 ] 하다 , 관찰 하다
poll (poul) = survey,n . 여론 조사 : 투표 | v . 여론 조사 를 하다 : 득표 하다
appreciation,n . 감사
immediate,ad . 즉각적인 , 직접적인
pending,adj . 미결인 , 보류 중인 : 임박한
utility bills,phr . 공과금
conserve,v . 아껴 쓰다 , 보존 하다
conservation,보존
conform to,v . 지키다 . 준수 하다
evaluate,v . 평가 하다
accommodate,v . 요구 등에 부용 하다 . 수용 하다 . ( 사람 을 ) 숙박 시키다
subscribe to,v . 구독 하다
fund,n . 자금 v . 자금 을 대다
consist of,v.- 로 구성 되다
attempt,n . 시도 v . 시도 하다 . 노력 하다
similar,adj . 비슷한 , 유사한
promote,v . 홍보 하다 . 승진 시키다 ; 증진 / 촉진시키다
factor,n . 요소 , 요인
regarding,prep.- 에 관하여
submit,v . 제출 하다 . 제기 하다
compliance,n . ( 법 / 규칙 의 ) 준수 , 순음 : 고분고분 함
probation period,phr . 수습 기간
permit,n . 허가증 v . 허가 / 허용 하다
a handful of,phr . 소수 의 , 소량 의
notify,v.- 에게 알리다 . 통지 하다
release,v . 공개 하다 . 발표 하다 . 출시 하다 n . 발표 , 개봉 , 출시
deficit,n . 적자 , 부족액
address,v . ( 문제 등 을 ) 다루다 , 연설 하다 . ( 라고 ) 부르다 . ( 편지 를 ) 보내다 n . 연설 , 강연 : 주소
detailed,adj . 자세한 , 상세한
fulfill,v . 이행 하다 ; 충족 시키다 . 달성 ( 성취 ] 하다
total,adj . 전체 의 , 완전한 n . 합계 , 총액 v . ( 합계 / 총계 가 ) ~ 가 되다
estimate,n . 추정 ( 치 ) : 견적 ( 서 ) ( = a quote ) v . 추산 하다 . 추정 하다
underestimate,v . 과소 평가 하다 n . 과소 평가
estimation,n . 판단 ( 평가 ] , 평가 치
estimative,ad 평가의 , 견적의
reliable,ad . 믿을 만한 , 신뢰할 수 있는
thus far (=so far, since),adv . 이제까지 는 , 여태 까지
stimulate,v . 자극 하다 . 격려 하다
occasion,n . 행사 : 때 , 경우
occasionally,adv . 때때로 , 가끔
occasional,adj , 가끔 의 , 때때로
correspondence,n . ( 남과 주고 받는 ) 서신 [ 편지 ] . 서신 왕래
setback,n . 차질
endeavor,n . 노력 , 시도 v . 노력 하다
construction,n . 건설 , 공사
serve,v . ( 상품 / 서비스 를 ) 제공 하다 . 근무 하다 , 봉사 하다 : ( 손님 ) 시중 을 들다
treat,v . 대접 하다 : ( 특정한 태도 로 ) 대하다 . 처리 하다 ; 치료 하다 n . 특별한 대접
numerous,adj . 매우 많은
solely,adv . 오로지 , 전적으로
acknowledge,v . 인정 하다 : ~ 에게 감사 를 표하다 . 받았음 을 알리다
setback,n . 차질
endeavor,n . 노력 , 시도 v . 노력 하다
construction,n . 건설 , 공사
serve,v . ( 상품 / 서비스 를 ) 제공 하다 . 근무 하다 , 봉사 하다 : ( 손님 ) 시중 을 들다
treat,v . 대접 하다 : ( 특정한 태도 로 ) 대하다 . 처리 하다 ; 치료 하다 n . 특별한 대접
numerous,adj . 매우 많은
solely,adv . 오로지 , 전적으로
acknowledge,v . 인정 하다 : ~ 에게 감사 를 표하다 . 받았음 을 알리다
alert,adj . 경계 하는 , 주의 하는 v . 알리다 . 주의 를 환기 시키다 n . 경계 경보 : 알림
engrave,v . 새기다 . 조각 하다
readership,n . 독자 수 ( 중 ]
interact,v . 소통 하다 , 교류 하다
boost,n . 증가 , 부양책 v . 신장 시키다
at one's earliest convenience,phr . 되도록 일찍
keep up with,phr . ( 소식 에 대해 계속 ) 알다 . ( 뒤쳐 지지 않고 상태 를 ) 계속 유지 하다 . 뒤쳐 지지 않다
payment,n . 결제 , 지불 ( 금 )
by oneself,phr . 혼자서
specifically,adv . 특별히 , 구체적 으로
nomination,n . 임명 , 지명 : 추천 , 후보
demonstrate,v . 설명 ( 증명 ) 하다 : 시연 하다
demonstrator,n . 시범 자 , 시위자
offset,v . 상쇄 하다 . 메우다 n . 차감 계산 , 보상
benefit,v . 혜택 ( 이득 ) 을 보다 유익 하다 n . 혜택 , 이득 , 수당
Instruction,n . 가르침 : 지시 사항 , 설명서 ( -s )
promotion,n . 승진 , 장려 , 홍보 , 판촉
earn,v . ( 금전 을 ) 벌다 . ( 평판 을 ) 얻다
complaint,n . 불만 사항 , 불평
appliance,n . ( 가정용 ) 기기 , 가전 제품
admission,n . 입장 : 입학
travel expenses,phr . 여행 경비
reimbursement,n . 환급 , 상환 , 배상
misplace,v . 잃어 버리다 . 제자리 에 두지 않다
editorial,adj . 편집 의 n . 사설 , 논설
resume,v . 다시 시작 하다 , 재개 하다
potential,adj . 가능성 이 있는 , 잠재적 인 n . 가능성 , 잠재력 ( 불가 산 N )
device,n . 기기 , 장치
voucher,n . 쿠폰 , 상품권
devise,v . 고안 하다 . 발명 하다
expenditure,n . 지출 , 비용
shortfall,n . 부족액 , 부족
significance,n . 중요성
significant,adj . 상당한 , 중요한
incrementally,adv . 점진적 으로 , 점차
resolve,v . 해결 하다 .
relevant work experience,phr . 관련 분야 의 경력
affiliate,n . 계열사 v.- 와 제휴 시키다 , 합병 하다
be affiliated with,v.- 와 제휴 를 맺다 . ~ 와 관계 가 있다
property,n . 재산 : 부동산 , 건물 , 대지
load,v . ( 짐을 ) 싣다 . 적재 하다 n . 적하 , 짐
comply with,v . 준수 하다
overbook,v . 예약 을 한도 이상 으로 받다
malfunction,n . 고장 v . 오작동 하다
dedicated,adj . 전념 하는 , 헌신적인
waive,v . 적용 하지 않다 , 면제 하다 . 포기 하다
coincide with,phr . 동시에 일어나 다 , ~ 와 일치 하다 ( -concur )
assist,v . 도와 주다 n . 원조 , 조력
testimonial,n . 추천 글 , 추천서
affordability,n . 저렴한 비용
equivalent,adj . 해당 하는 , 동등한
deliberate,adj . 고의적 인 : 신중한 v . 심사숙고 하다
prominent,adj . 중요한 , 저명한 , 두드러진
punctual,ad , 시간 을 잘 지키는 , 시간 을 엄수 하는
rigorous,adj . 철저한 , 엄격한
selective,adj . 까다로운 , 선별 적인
punctual,ad , 시간 을 잘 지키는 , 시간 을 엄수 하는
rigorous,adj . 철저한 , 엄격한
selective,adj . 까다로운 , 선별 적인
challenging,adj . 어려운 , 힘든
restoration,n . ( 낡은 건물 · 그림 의 ) 복원 , 복구
officially,adv . 공식적 으로 , 정식 으로
officially,adv . 공식적 으로 , 정식 으로
slightly,adv . 약간 , 조금
substantially,adv . 상당히 , 많이
nearly,adv . 거의
immediately,adv . 즉시 , 곧 ( 바로 )
enrollment,n . 등록
requirement,n . 필요 조건
recommend,v . 추천 하다
carefully,adv . 조심 스럽게 , 신중히 , 주의 깊게
enough,adj. 충분한 adv . 충분히
transport,v . 수송 하다 . 운송 하다 n . 수송 , 운송
exceptional,adj . 예외적 인 : ( 이례적 일 정도로 ) 뛰어난
proof,n . 증명 ( 서 ) , 증거 ( 물 )
prospective,adj . 장래 의 , 미래 의 , 예상 되는
update,n . 업데이트 , 최신 정보 v . 갱신 하다 , 최근 정보를 알려주다
suitable,adj . 적합한 , 적절한 , 알맞은
seek,v . 찾다 . 구하다
receive,v . 받다
demand,n . 수요 . 요구 v . 요구 하다 , 요청 하다
accustomed,adj.- 에 익숙한
aspire,v . 열망 하다
accompany,v . 동행 하다 : 동반 하다
schedule,v . 일정을 잡다 n . 일정
actively,adv . 적극적으로
extensive,adj . 광범위한 , 폭 넓은
statement,n . 성명 ( 서 ) : 명세서 , 내역서
solicitation,n . 간청
be credited with,phr . ~ 로 인정 받다 . 신뢰 를 얻다
opposite,adj . 맞은 편의 반대 의 prep. 20 (across from)
accessible,adj . 접근 가능한 , 이용할 수 있는
assure,v . 장담 하다 , 확신 시키다
vacant,ad . 공석의 , 비어 있는
given,prep.- 를 고려 해볼 때 , 감안할 때
specify,v . 구체적으로 명시하다
conflict,n . 갈등
influx,n . 유입 , 도래
nonrefundable,adj . 환불 되지 않는
subsequent,adj . 차후의
interfere with,v . 방해 하다 ; 간섭 하다
flyer,n . 전단지
party,n . 단체 : 정당
stress,v . 강조 하다 n . 강조 , 중점
advancement,n . 진보 : 승진
wealth,n . 재산 , 부 : 풍부
noticeable,adj . 눈 에 띄는 , 뚜렷한 , 현저한
withdraw,v . 빼내다 . 인출 하다 . 철수 시키다
withdraw,v . 빼내다 . 인출 하다 . 철수 시키다
lead,v . 이끌다 . 안내 하다 : 이어 지다 . 초래 하다 ( in )
now that,conj.- 이기 때문에 , ~ 이므로
entry,n . ( 경기 등 의 ) 참가자 : 출품물 , 참가작
pay off,phr . 성과 를 올리다 . 성공 하다
surplus,n . 잉여 ( 물 ) , 과잉 : 흑자
funding,n . 자금 : 자금 제공 [ 재정 지원 ]
operate,v . 운영 하다 : 작동 하다
grant,n . ( 정부 ) 보조금 v . 주다 . 수여 하다
relief,n . 안도 , 안심 : 완화 , 경감
duplicate,v . 복사 하다 . 복제 하다 n . 사본 , 복사 / 복제물 ( -s ) adj 아주 똑같은
referral,n . 소개 , 위탁
worsen,v . 악화 되다 : 악화 시키다
fully,adv . 완전히 , 전적으로
locate,v . 위치 시키다 : ( - 의 정확한 위치를 ) 찾아 내다
representative,n . 직원 , 대표 adj . ~ 을 대표 하는
gathering,n . 모임 , 집회 : 수집
throughout,prep . 내내 , ~ 동안 죽
negotiate,v . 협상 하다
markedly,adv . 현저 하게 , 두드러 지게
purpose,n . 목적
in light of,prep.- 에 비추어 , - 의 견지에서
expertise,n . 전문 지식 [ 기술 ] . 불가 산 명사
expert,n . 전문가
entry,n . ( 경기 등 의 ) 참가자 : 출품물 , 참가작
pay off,phr . 성과 를 올리다 . 성공 하다
surplus,n . 잉여 ( 물 ) , 과잉 : 흑자
funding,n . 자금 : 자금 제공 [ 재정 지원 ]
submission,n . ( 서류 / 제안서 등 의 ) 제출
operate,v . 운영 하다 : 작동 하다
grant,n . ( 정부 ) 보조금 v . 주다 . 수여 하다
relief,n . 안도 , 안심 : 완화 , 경감
duplicate,v . 복사 하다 . 복제 하다 n . 사본 , 복사 / 복제물 ( -s ) adj 아주 똑같은
referral,n . 소개 , 위탁
worsen,v . 악화 되다 : 악화 시키다
glowing,adj . 빛나는 : 극찬 하는
obligation,n . 의무
Instructional,adj . 교육용의
administer,v . 운영 하다 . 관리 하다 실시 하다 . 집행 하다
run,v . 진행 [ 계속 ] 되다 . 제공 되다 ; 운영 하다 ( 기계 ) 돌아가다
significant,adj . 중요한 , 상당한 , 의미 있는
ample,adj . 많은 , 풍부한 , 충분한
commission,n . 수수료 , 커미션 : 위원회 v . ( 제작 / 일 을 ) 의뢰 하다 . 주문 하다
follow up on,phr . ~ 에 대해 후속 조치 하다 ; ~ 을 계속 주구 / 이행 하다
proceed,v . 계속 해서 ~ 하다 . 진행 되다 . 나아가다
proceedings,n . 회의록 , 의사록
demonstration,n . 시범 설명 , 시연
rate,n . 요금 : 속도 : 비율 v . 평가 하다
exactly,adv . 정확하게
fairly,adj 꽤 , 상당히
restrict,v . 제한 하다 . 한정 하다
recently,adv . 최근에
accurate,adj . 정확한
volume,n . 양
compatible,adj . 호환 이 되는 , 양립 할 수 있는
compatibilty,n . 호환성
compatible with-,- 와 호환 이 되는
chief,adj . 주된
forum,n . 포럼 , 회담 , 토론회
thrilling,adj . 스릴 있는 , 신나는
attentively,adv . 주의 깊게 , 조심 스럽게
satisfaction,n . 만족 , 충족
basis,n . 기준 , 근거
applicable,adj . 해당 되는 , 적용 되는
pertaining to,prep.- 에 관련된
variety,n . 다양 함 , 다양성 ; 종류 , 품종
incur,v . ( 비용 을 ) 발생 시키다 . 초래 하다
groundbreaking,adj . 획기적인 n . 착공 , 기공식
intend,v . 의도 하다 . ~ 하려고 생각 하다
incurrence,n . ( 손해 를 ) 입음 , ( 책임 을 ) 초래 함
apply for,phr . 지원 하다
local,ad . 지역 의 , 지방 의 n . 지역 주민
apply for,지원 하다
apply to,적용 하다
quarterly,adj . 분기 별 의 , 분기 의 adv . 분기 별로 , 분기 마다
figure,n . 수치 : 인물 , 그림 v . 계산 하다 . 생각 하다 (inkáunter)
encounter,v . ( 난관 에 ) 부딪 히다 . 우연히 마 주 치다
volunteer,n . 자원 봉사자 v . 자진 하다 . 자원 봉사 하다
obtain,v . 얻다
respective,adj . 각각의 , 각자의
equip,v . ( 장비 를 ) 갖추어 주다
enthusiasm,n . 열광 , 열정
installation,n . 설치
correspond to,phr.- 와 일치 하다
available,adj . ( 사람이 ) 시간 이 있는 , 비 는 , ( 사물이 ) 이용할 수 있는
separately,adv . 따로 따로 , 개별적으로
charge,n . ( 상품 / 서비스 에 대한 ) 요금 : 책임 의무 : 충전 v . ( 요금 을 ) 청구 하다 . 맡기다 . 충전 하다
traditionally,adv . 전통적 으로
proximity,n . 가까움 , 근접
stretch,n . ( 길게 뻗은 ) 구간 , 지역
term,n . 조건 : 기간 : 용어
emphasize,v . 강조 하다
cooperation,n . 협력 , 협동 : 협조
periodically,adv . 정기적 으로
acclaimed,adj 칭찬 [ 호평 ] 을 받고 있는
challenge,n . 도전 , 어려운 일 v . ~ 에 도전 하다
rather,adv . 꽤 , 다소 : 오히려 , 차라리
confirm,v . 확인 하다 . 확정 하다
influence,v . 영향 을 주다 n . 영향 ( 력 )
prompt,v . ( 어떤 일 이 일어나 도록 ) 하다 . 촉발 하다 . 유도 하다 adj . 즉각적인 : 신속한
draw,v . 끌다 . 끌어 들이다 . 이용 하다 . 의지 하다
reverse,v . 뒤집다 , 반대로 하다 adj . 반대 의 , 역 의 n . 반대
stipulate,v . 규정 하다 . 명기 하다
widen,v . 확장 하다 . 넓히다
categorize,v . 분류 하다
marked,adj . 뚜렷한 , 눈 에 띄는
category,n . 범주
consider,v . 고려 하다 . 숙고 하다
impression,n . 인상 , 감명
inspection,n . 점검 , 정밀 검사
discontinue,v . 생산을 중단하다
resolution,n . 해결 , 결심 : 해상도
assessment,n . 평가 , 감정
assess,v.- 을 평가 하다
resolution,n . 해결 , 결심 : 해상도
assessment,n . 평가 , 감정
resolve,v . ( 문제 등 을 ) 해결 하다
closely,adv . 면밀 하게 , 긴밀히
extend,v . 연장 하다 , 확대 하다 주다 , 베풀다
consult,v . 상의 하다 , 상담 하다
portable,adj . 휴대가 쉬운 , 휴대용의
coordinate,v . 조정 하다 , 협력 하다
a series of,phr . 일련 의
arguably,adv . ( 최상급 앞에서 ) 거의 틀림 없이 , 주장 하건대
capacity,n . 정원 , 용량 : 수용력 , 능력
urgent,adj . 긴급한 , 긴박한
urgency,n. 긴급함
modification,n . 변경 , 수정
authentic,adj . 진짜인 , 진품의
cooperatively,adv . 협력 하여
accumulate,v . 축적 하다 ; ( 이자 , 점수 , 포인트 등 이 ) 생기다
precise,adj . 정확한
steady,adj 끊임 없는 , 꾸준한 , 확고한
overdue,adj . 기한이 지난 , 지불 기한이 넘은
clarify,v . 명확 하게 하다
notable,adj . 유명한 , 저명한
rental,n . 임대 , 임차 , 대여
expire,vi . 만료 되다 . 끝나다
clarification,n . 설명 , 해명
rely (on=upon),v . ~ 에 의존 / 의지 하다
initiate,v . 개시 [ 시작 ] 하다 . 착수 하다
respected,adj . 홀륭한
respected,adj . 홀륭한
highly,adv . 매우 , 대단히
respond,v . ( ~ 에 ) 반응 / 응답 하다
invent,v . 발명하다 . 고안하다
expense,n . 비용 , 경비
sizable,adj . 상당한 ( 크기 의 ) , 꽤 많은
cater,v . ( 사업 으로 행사 에 ) 음식 을 공급 [ 조달 ] 하다
policy,n . 정책 , 방침 보험 증권
soon,adv . 곧 , 머지 않아
share,v . 공유 하다 . 나누다 n . 몫 , 주식 ( sstock ) . 시장 점유율
instead,adv . 그 대신
instead of,~대신에
appropriate,adj . 적절한 , 알맞은
exceed,v . 초과하다 . 넘어서다
particular,adj . 특정한
range,n . 다양성 , 범위 v . ( 범위 가 ) ~ 에 이르다
perishable,adv . 신속히 , 즉시 : 정각에
differentiate,v . 구분 짓다 . 구별 하다
length,n . 길이 : 기간
compensation,n . 보상 ( 금 ) , 보수
receipt,n . 영수증 ( 가산 명사 ) : 수령 ( 불가 산 명사 )
deteriorate,v . 악화 되다 . 더 나 빠지다
position,n . 일자리 , 직 ( 책 ) , 위치 , 입장 v . ( ~ 을 위치 / 장소 에 ) 두다
comparable,adj . 비슷한 , 필적 할 만한
compare,v . 비교 하다 . 견주다
comparison,n . 비교 비유
diversionn,. 전환 , 딴 데로 돌림
divert,v . 방향을 바꾸게 하다 , 우회 시키다
secure,v . 안전하게 지키다 : 얻다 . 확보 하 다 . 고정 시키다 adj . 안전한
advocate,n . 지지자 , 옹호자 v . 옹호 하다
contemporary,adj . 현대의 , 같은 시대의
customary,adj . 관례 적인 , 관습 상의
customarily,adv . 관례 ( 습관 ] 적 으로
customs,n , 세관
spare,adj . 여분의 , 남는
confidential,ad . 기밀의 , 비밀의
confidentiality,n . 비밀 , 기밀 유지
exceptionally,adv . 예외적 으로 , 특별히
analysis,n . 분석 , 연구
generate,v . 발생 시키다 , 만들어 내다
within,prep.- 이내에
dependent,adj . ~ 에 의존 하는 ( on )
financially,adv . 재정적 으로 , 금전적 으로
deliberation,n . 심사숙고 : 토의 , 심의
expand,v . 확장 하다 . 확대 하다 . 늘리다
likely,adj.- 할 것 같은
allow,v . 허락 하다 . 허용 하다
plentiful,adj . 풍부한 , 많은
establish,v . 설립 하다 . 세우다 확고히 하다
relevant,adj . 관련 있는 , 적절한
pick up,phr . 집어 들다 . 찾아 가다 : [ 사람 을 ] 태우 러 가다 . : 좋아 지다 , 회복 되다
abundant,adj . 풍부한 , 많은
seldom,adv . 좀처럼 [ 거의 ] ~ 않는
inventive,adj . 창의적인 , 독창성 이 있는
in case,con . ~ 인 경우를 대비해서 : 만약 ~ 인 경우에
term,n . 조건 : 임기 , 기간 : 용어
inexpensive,adj . 비싸지 않은
amount,n . 양 , 액수
typically,adv . 보통 , 일반적 으로
finalize,v . 마무리 짓다 , 완결 하다
adjustment,n . ( 약간 의 ) 수정 , 조정
based,adj . ( ~ 에 ) 기반을 둔 : 본사를 둔
certify,v . ( 특히 서면 으로 ) 증명 하다 . 자 격증 을 교부 하다
vast,adj . 어마 어마한 , 광활한
marginally,adv . 아주 조금 , 미미하게
drastically,adv . 대폭 으로 , 급격히
maximum,ad . 최대의
regretfully,adv . 유감 스럽게도
incomplete,adj . 미완성의 , 불완전한
enormously,adv . 엄청나게 , 굉장히
upcoming,adj . 다가오는 , 곧 있을
admirable,adj . 감탄 할만한
experience,n . 경험 v . 경험 하다 . 겪다
additional,adj . 주가 의 , 부가 적인
ethical,adj . 윤리적인
absolute,adj . 절대적인
humidity,n . 습도 , 습기
humidity,n . 습도 , 습기
lucrative,adj . 수익성이 있는 , 돈벌이가 되는
stable,adj . 안정된 , 안정적인
disruption,n . 중단 , 두절
disruption,n . 중단 , 두절
replace,v . 대체하다 . 교체하다
brief,adj . 간략한 , 짧은 v . ~ 에게 간단히 설명 하다 . 브리 평 하다
indeed,adv . 확실히 , 정말
plenty,n . 풍부한 양
incredible,adj . 엄청난
attached,adj . 첨부된
handle,v . 다루다 . 처리하다
celebratory,adj . 축하 하는 , 기념 하는
recognition,n . 인정 , 인식 , 알아 봄
publication,n . 간행물 , 출판물
reflect,v . 반영 하다 , 반사 하다
reflectionn,n. 반영 : 심사숙고
previously,adv . 이전에
inspect,v . 점검 하다
notice,n . 공지 , 통보 v . 알아 차리다
until further notice,추후 공지 가 있을 때 까지
initial,adj . 처음 의 , 초기 의 n . 첫 글자 , 머리 글자
competitor,n . 경쟁 업체 , 경쟁자 , ( 시합 ) 참가자
compete with 사람 for 목적,vi . 경쟁 하다
host,v . 개최 하다 . 주최 하다 n . ( 손님 을 초대 한 ) 주인 : ( TV . 라디오 프로 의 ) 진행자
atmosphere,n . 분위기
directly,adv . 곧바로 [ 즉시 ) , 직접
submission,n . ( 서류 · 제안서 등 의 ) 제출 ( 물 )
specialize,v . 전문 으로 하다
disappointing,adj . 실망 스러운 , 기대 에 어긋나 는
availability,n . 유효성 , 입수 가능성
largely,adv . 주로 , 대체로
refer,v . 보내다 . 소개 하다 언급 하다 . 참고 하다
refer to 명사,언급 하다 . ~ 을 참고 하다
refer A to B,A 를 B 에 소개 하다
adequate,adj . 충분한 : 적절한
appointment,n . ( 공적 ) 약속 , ( 진료 ) 예약 , 임명
concerning,prep.- 에 관한 , 관련된
launch,n . 개시 , 출시 v . 개시 하다 . 시작 하다
waterfront,n . ( 도시 의 ) 해안가 물가 , 부듯가
approximately,adv . 약 , 거의 , 대략
affordable,adj . ( 가격 등 이 ) 알맞은 , 감당할 수 있는
auditor,n . 회계 감사관
maintenance,n . 유지 : ( 보수 ) 관리
contribution,n . 기여 , 기부 ( 금 ) : 기고 , 투고
in light of,prep.- 에 비추어 , ~ 을 고려 하여
depend,v . 의존 하다 : ~ 에 달려 있다
be contingent on,~ 에 달려 있다
overhaul,v . 점검 하다 n . 점검
persuade,v . 설득 하다
conduct,v . ( 업무 따위 를 ) 실시 하다 , 수행 하다 n . 행위 품행 : 지휘
dramatic,adj . 극적인 , 인상적인
method,n . 방법 , 방식
contain,v.- 이 들어 있다 . 포함 하다
devoted,adj . 현신 적인 , 충실한
container,n . 용기 : ( 화물 ) 컨테이너
immediately,adv . 즉시 , 당장 에
accumulation,n . 축적 , 누적
capability,n . 능력 , 역량 : 용량
casually,adv . 이따금 , 문득 , 우연히 : ; 격식 을 차리지 않고 , 간편하게
component,n . 부품 , ( 구성 ) 요소
coverage,n . ( 적용 ) 범위 , 보급률
relinquish,v . ( 권리 등 을 ) 포기 [ 양도 ] 하다
relinquish one's right,권리를 포기하다
evenly,adv . 고르게 , 평평 하게
efficiently,adv . 능률적 으로 , 효율적 으로
expose,v . 드러내다 . 노출 시키다
client,n . 고객 , 의뢰인
function,n . 기능 ; 역할 v . 기능 하다 . 작동 하다
insulation,n . 절연체 : 단열 , 전열
hypothesis,n . 가설 , 추정
complete,v . 완료 하다 . 끝 마치다 adj . 완벽한 완전한
hypothetical,adj . 가정 의 , 가설 의
hypothesize,v . 가정 하다
supervisor,n . 상사 , 관리자
supervisor,n . 상사 , 관리자
diverse,adj . 다양한
arrangement,n . 준비 , 마련 : 합의 , 협의
directory,n . ( 이름 · 주소 등 의 ) 안내 책자 : ( 빌딩 의 ) 입주자 안내판
state,v . 말하다 . 진술 하다 : ( 문서 에 ) 명시 하다
district,n . 지구 ( 지역 ) , 구역
solidify,v . 굳히다 . 확고히 하다
assistant,n . 조력자 , 조수 , 비서
ideal,adj . 이상적인 , 가장 알맞은 n . 이상 , 이상적인 것
be ideal for,에 이상적 이다
be ideal for- 에 required,adj. 필수의
qualify,v.- 에게 자격 을 주다 . 적임 으로 하다
advance,v . 승진 하다 . 출세 하다 n . 진보 , 발전 : 승진
motivate,v . 동기 를 부여 하다 , 원인 이 되다
profit,n. 수익 이익 , v . 이익 ( 이득 ) 을 얻다
statistics,n 통계 ( 학 ) , 통계 자료
eliminate,v . 없애다 . 제거 하다
cover,v . ( 비용 따위 를 ) 충당 하다 . 대다 ; 다루다 . 포함 하다 : ( 보험 으로 ) 보장 하다
cover expenses,비용 을 대다 . 충당 하다
flexible,adj . 융통성 이 있는 , 유연한
renovate,v . 개조 하다 . 보수 하다
reimbursement,v . 변상 , 상환 , 환급
in advance,phr . 미리 , 사전에
adjustable,adj . 조절 가능한
inquiry,n . 문의 : 조사
manufacture,v . 제조 하다 . 생산 하다 n . 제조 , 생산
inquire,1V . 질문 하다
banquet,n . ( 공식 ) 연회 , 만찬 , 성찬
refreshing,adj . 신선한 , 상쾌 래 한 : 참신한
commute,v . 통근 하다 . 통학 하다 n 통근 ( 거리 )
remind,v . 상기 시키다 . 생각 나게 하다
registration,n . 등록 , 기재
leading,adj . 주요한 , 선두의
nominate,v . ( 후보자 로 ) 추천 하다 . 임명 하다 . 지정 하다
cancellation,n . 취소 , 무효화 : 취소 한 것
distribute,v . 유통 시키다 , 배부하다
invoice,n . 송장 , 청구서 ( - bill ) v . 청구서 [ 송장 ] 를 보내다
look forward to,phr.- 을 고대 하다 . 기다리다
specification,n . 설명서 , 세부 사항 , 내역
take effect,phr . 발효 하다 . 효력을 나타내다
fluctuation,n . 변동 , 파동
merger,n . ( 회사 의 ) 합병
mutually,adv . 서로 , 상호간에
mutual,ad . 상호간의
mutuality,n . 상호 관계
errand,n . 심부름 , 가벼운 볼일
imperative,adj . 반드시 해야 하는 , 긴요한
maximize,v . 극대화 하다 . 최대한 활용 하다
mind,v . 꺼리다 . 싫어 하다
individual,n . 개인 , 사람 adj . 개개 의 , 개인 의
determine,v . 결정 하다
instructor,n . 강사 , 지도자
instruct,v . 가르치다 ; 지시 하다
instruction,n . 교육 , 지시 사항
complimentary,adj . 무료의
employment,n . 취업 , 고용 , 채용
confidence,n . 신뢰 , 확신
advantage,n . 장점 , 이점
rise,n . 증가 , 상승 v . 오르다 . 증가 하다
awareness,n . ( - 의 중요성 에 대한 ) 의식 , 인식 , 관심
since,prep.- 이래로 conj.- 이래로 : - 때문에 adv . 그 ( 때 ) 이후 로
transfer,v . 옮기다 , 이동 하다 . 전근 하다 이체 하다 n . 이동 , 전근 , 환승
stand,v . 서다 . 서 있다 n . ( 공개적 으로 드러내는 ) 태도 [ 의견 ] : 가판대 , 좌판
stance,n . 입장 , 자세
awareness,n . ( - 의 중요성 에 대한 ) 의식 , 인식 , 관심
since,prep.- 이래로 conj.- 이래로 : - 때문에 adv . 그 ( 때 ) 이후 로
transfer,v . 옮기다 , 이동 하다 . 전근 하다 이체 하다 n . 이동 , 전근 , 환승
stand,v . 서다 . 서 있다 n . ( 공개적 으로 드러내는 ) 태도 [ 의견 ] : 가판대 , 좌판
support,n . 지지 , 후원 v . 지지 하다 . 후원 하다
retire,v . 은퇴 하다 . 퇴직 하다
resourceful,adj . 기지 가 있는 , 수완 이 좋은
predecessor,n . 전임자
praise,v . 칭찬 하다 n . 칭찬
particularly,adv . 특히 , 특별히
limited,ad , 제한된 , 부족한
hire,v . 고용 하다 n . 신입 직원
field,n . 분야 , 방면
dependable,adj . 믿을 수 있는 , 기댈 만한
duty,n . 직무 , 업무
commensurate,adj . ( 자질 등에 ) 상응 하는 . 비례 하는
appraisal,n . 평가 , 판단
skill,n . 기술 , 능력
renew,v . 연장 하다 , 갱신 하다
productivity,n . 생산성
recruit,n . 신입 사원 , 신입 회원 v . 모집 하다 , 채용 하다
recommendation,n . 추천 ( 서 ) , 권고
recruitment,n . 신규 모집
recruiter,n . 모집 자 , 채용자
listing,n . ( 공식적인 ) 목록 , 리스트 , 명단
evident,adj . 분명한 , 눈 에 띄는
timely,ad ) 시기 적절한 , 때 맞춘
evidence,n . 증거 , 흔적
evidently,adv . 분명히 , 눈 에 띄게
consideration,n . 고려 ( 사항 ) , 숙고
consistently,adv . 항상 , 일관 되게 , 지속적 으로
clerical,adj . 사무직의
accomplished,adj . ( 기량 이 ) 뛰어난 , 재주 가 많은
applicant,n . 지원자 , 신청자
operation,n . 사업 , 영업 , 운영 : 수술 : 작동
Insurance,n . 보험 : 보험금 , 보험료
distraction,n . 주의 산만 기분 전환
listing,n . ( 공식적인 ) 목록 , 리스트 , 명단
evident,adj . 분명한 , 눈 에 띄는
consideration,n . 고려 ( 사항 ) , 숙고
consistently,adv . 항상 , 일관 되게 , 지속적 으로
clerical,adj . 사무직 의
accomplished,adj . ( 기량 이 ) 뛰어난 , 재주 가 많은
applicant,n . 지원자 , 신청자
operation,n . 사업 , 영업 , 운영 : 수술 : 작동
Insurance,n . 보험 : 보험금 , 보험료
distraction,n . 주의 산만 기분 전환
statistics,n . 통계 ( 학 ) , 통계 자료
eliminate,v . 없애다 . 제거 하다
cover,v . ( 비용 따위 를 ) 충당 하다 . 대다 ; 다루다 . 포함 하다 : ( 보험 으로 ) 보장 하다
flexible,adj . 융통성 이 있는 , 유연한
statistical,adj . 통계 ( 상 ) 의
statistically,adv . 통계적 으로 , 통계 상 으로
renovate,v . 개조 하다 . 보수 하다
reimburse,n . 변제 하다 , 상환 하다
in advance,phr . 미리 , 사전 에
inquiry,n . 문의 : 조사
manufacture,v . 제조 하다 . 생산 하다 n . 제조 , 생산
contagious,adj . 전염성 의 : 퍼지기 쉬운
protective,adj . 보호 하는 , 보호용 의
predict,v . 예측 하다 . 예견 하다
deliver,v . 배달 하다 . 배송 하다 : ( 연설 을 ) 하다
introduce,v . 소개 하다 ; 도입 하다 . ( 상품 을 ) 선보이다
shipment,n . 수송 , 배송 ; 선적물 , 발송물
concern,n . 우려 , 걱정 : 관심사 v . 걱정 시키다 관계 하다
process,v . 처리 하다 : 가공 하다 n . 과정 , 절차
involve,v . 수반 ( 포함 ] 하다 . 연루 [ 참여 ] 시키다
attract,v . ( 사람 / 관심 ) 끌다 . 끌어 모으다
appear,v.- 인 것 같다 . 나타나다 나오다 , 출연 하다
appearance,n . ( 걸 ) 모습 , 외모 : 출현 : 출연
Itinerary,n . 여행 일정 ( 표 )
subscribe,v . ( 신문 · 잡지 등 을 ) 구독 하다
chemical,adj . 화학 의 , 화학적 인 n . 화학 약품 ( -s )
decline,n . 감소 , 하락 v . 줄어들 다 . 감소 하다 ( 1V ) : 거절 하다 ( 3V )
preparation,n . 준비 , 대비
film,n . 영화 v . 촬영 하다 . 영화화 하다
reduce,v . 줄이다 , 낮추다 . 인하 하다
security,n . 보안 , 경비
shift,n . 교대조 , 교대 근무 ( 시간 ) : 변화 , 변경 v . 이동 하다 . 옮기다
deadline,n . 기한 , 마감 시한
document,n . 서류 , 문서 v . ( 문서 에 ) 기록 하다
attentive,adj , 주의 를 기울이는 : 신경 을 쓰는
payable,adj . 지불 해야 하는 , 지불 가능한
extension,n . ( 기한 ) 연장 : 내선 ( 번호 ) , 구내 전화
manual,n . 설명서 , 안내서
resolve,v . 해결 하다 . 풀다
assignment,n . 임무 [ 업무 ] , 과제
contractor,n . 계약자 , 하청 업체
performance,n . 수행 , 실적 , 성과 공연
commercial,n . ( TV- 라디오 ) 광고 adj . 상업 의
resident,n . 거주자 , 주민 adi . 거주 [ 상주 ] 하는
annually,adv . 매년 , 해마다
anticipate,v . 예상 하다 . 예측 하다
financial,adj . 재정 의 , 금융 의
raise,vt 올리다 . 인상 하다 n . ( 임금 ) 인상 , 상승
revenue,n . 수익 , 소득
significant,ad . 상당한 중요한
nutrition,n . 영양물 , 영양 섭취
established,adj , 기성 의 , 확립 된 : 확고히 자리 를 잡은
relocate,v . 이동 하다 . 이전 하다
article,n . ( 신문 / 잡지 ) 등 의 글 , 기사 : 물품 , 물건
ongoing,adj . ( 계속 ) 진행 중인
donate,v . 기부 하다 , 기증 하다
corporate,adj . 법인 ( 체 ) 의 , 회사 의
for free,phr . 공짜 로 , 무료 로
purchase,n . 구입 ( 한 것 ) v . 구입 하다 . 사다
reschedule,v . 일정 을 변경 하다
valid,adj . 유효한 , 타당한
commitment,n . 전념 , 헌신 : 약속
temporarily,adv . 일시적 으로 , 임시 로
trial,n . 무료 체험 : 시험 , 실험 : 재판 adj . 시험 삼아 해보는 , 시험 적인
contribute,v . 기여 하다 . 기부 하다 : 기고 하다
contribute,v . 기여 하다 . 기부 하다 : 기고 하다
entire,adj . 전체 의 , 전부 의
revise,v . 수정 하다 . 변경 하다
historic,adj . 역사적인 , 역사 에 남을 만한
passenger,n . 승객 , 탑승객
executive,n . 간부 , 임원 , 중역
sponsor,n . 후원자 스폰서 v . 후원 하다
close,adj . 가까운 , 접근 한 | n . 닫다
construction,n . 건설 , 공사
entrance,n . 입구 : 문 들어가기 , 입장
entrance,n . 입구 : 문 들어가기 , 입장
facility,n . 시설 , 설비
occupy,v . 차지 하다 , ( 건물 을 ) 사용 하다
biologist,n . 생물 학자
renovation,n . 보수 공사 , 혁신 , 개혁
renovator,n . 혁신자
rent,v . ( 집을 ) 빌리다 . 임대 [ 임차 ] 하다 n . 집세
dispose,v . 처리 하다 . 처분 하다 ( of )
tenant,n . 세입자 : 거주자 v . ( 토지 / 가옥 등 을 ) 빌려 쓰다
leadership,n . 지도력 , 통솔력
develop,v . ( 필름 을 ) 현상 하다 : 발전 시키다
improve,v . 개선 하다 . 향상 시키다
assembly,n . ( 기계 의 ) 조립 , 조립 부품
instruction,n . 가르침 : 지시 , 설명서 ( -s )
register,v . 등록 하다 : 기록 하다
decade,n. 10 년
on-site,adj . 현장 의 , 현지 의
philanthropic,adj . 자선 의 , 박애 ( 주의 ) 의
quality time,n . ( 가족 / 친구 와 보내는 ) 즐거운 시간 , 값진 시간
application,n . 적용 , 응용 : 응용 프로그램 . 어플리케이션
apply,v . 쓰다 . 적용 하다 . 바르다 . 지원 하다 . 신청 하다
applicable,ad . 해당 [ 적용 1 되는
organize,v . 준비 ( 조직 ] 하다 정리 하다 . 체계화 ( 구조화 ] 하다
manage,v . 운영 ( 경영 ] 하다 , 관리 하다
congratulate,v . 축하 하다
survey,n . ( 설문 ) 조사 v . ( 설문 ) 조사 하다
entertainment,n . 오락 , 여흥 , 접대
status,n . ( 진행 과정 상의 ) 상황 , 상태 : 지위 , 신분
accurate,adj . 정확한 정밀한
equipment,n . 장비 , 설비 ( 불가 산 명사 )
replacement,n . 교체 , 대체 : 대체물 ( 대체자 ] . 대용품
share,v . ( 감정 / 생각 등 을 ) 공유 하다 ( 나누다 ] , n . 주식 , 지분 : 몫
conservation,n . ( 환경 / 문화재 등 의 ) 보호 , 보존
conserve,v . 보호 하다 . 보존 하다
conservative,adj. 보수적인
appreciate,v . 감사 하다 . 감상 하다
analyze,v . 분석 하다 , 검토 하다
anniversary,n . 기념일
defective,adj . 결함 이 있는
institute,v . ( 정책 등 을 ) 하다 , ( 절차 를 ) 시작 하다 . n . 기관 , 협회
procedure,n . 절차 , 순서
inconvenience,n . 불편 ( 한 것 )
inconvenience,n . 불편 ( 한 것 )
inconvenience,n . 불편 ( 한 것 )
inconvenient,ad . 불편한 , 곤란한
summarize,v . 요약 하다 . 개괄 하다
announce,v . 발표 하다 . 알리다
attend,v . 참석 하다
prestigious,ad . 명성 있는 , 일류 의
prestige,n . 명성 , 위신
upcoming,adj . 다가오는 , 곧 있을
retail,adj 소매 의 , 소매상 의 n 소매 v . 소매 하다 , ( 특정 가격 에 ) 팔리다
retailer,n . 소매 상인
credit,n . 신용 거래 , 신용도 : 칭찬 , 인정 입금 : 현금 처럼 사용 가능한 쿠폰 v . 입금 하다 : 공으로 믿다
consumer,n . 소비자
industry,n . 산업 , ( 특정 분야 의 ) 사업
competitive,adj . 경쟁력 있는 , 경쟁 의
convenient,adj . 편리한 가까운 , 접근 이 편리한
beverage,n . ( 물 이외 의 ) 음료 , 마실 것
culinary,adj . 요리 의 , 주방 의
community,n . 지역 사회 , 공동체
present,v . ( 영화 , 공연 을 ) 상연 / 제공 하다 . 제시 하다 : 나타내 다 adj . 현재 의 , 참석 한 [ préznt ] n . 선물 , 현재 [ prèznt 프레 즌트 ]
production,n . ( 영화 등 의 ) 제작 , 생산 : 상연 작품
currently,adv . 현재 , 지금
currently,adv . 현재 , 지금
reasonable,adi . ( 가격 이 ) 적정한 , 너무 비싸지 않은
reservation,n . 예약 ( = booking ) : ( 계획 · 생각 에 대한 ) 의구심 [ 거리낌 ]
charity,n . 자선 ( 단체 ) ; 구호 기금
identification,n . 신분 증명 ( 서 )
publisher,n . 출판인 , 출판사
diagnosis,n . ( 병원 ) 진단 , 진찰
promptly,adv . 지체 없이 , 즉시
container,n . 그릇 , 용기 : ( 운송용 ) 컨테이너
destructive,adj . 파괴 적인 , 유해한
arrange,v . 준비 하다 . 마련 하다 , 처리 하다 , 배열 / 배치 하다
productive,adj . 생산 적인 , 결실 있는
administrative,adj . 관리 상의 , 행정상 의
at all times,phr . 항상 , 언제나
deduct,v . 빼다 , 공제 하다
insufficient,adj 불충분 한 , 부족한
insufficient,adj 불충분 한 , 부족한
return,v . 돌려 주다 . 반납 하다 . 돌아 오다 , 돌아가다
revision,n . 수정 ( 사항 ) : 수정본 , 교정본
editor,n . 편집자 , 교정자
forward,v . 보내다 . 전달 하다
delighted,adj . 기뻐 하는 , 즐거워 하는
impressed,adj , 인상 깊게 생각 하는 , 감명 받은
attention,n . 주의 , 주목 , 관심
outstanding,adj 뛰어난 , 눈 에 띄는 , 미해결 의
attachment,n . 부착 : 첨부 ( 파일 )
informative,ad . 유익한 , 정보 를 제공 하는
strategy,n . 전략 , 전술
post,v . ( 안내문 등 을 ) 게시 ( 공고 ] 하다 . 불이다 . ( 편지 / 우편물 을 ) 부치다 . 발송 하다 n . 직책 : 기둥 : 우편 ( 물 )
related,adj . 관련 있는 , 관련된
emphasis,n . 강조 , 주안점
technician,n . 기술자 , 기사
commemorate,v . 기념 하다 . 축하 하다
patronage,n . 애용 : 후원
patron,n. 고객 , 이용객
supply,n . 비품 , 보급 ( 품 ) v . 공급 하다 . 제공 하다
convenience,n . 편의 , 편리 : 편리한 것 . 편의 시설
recipe,n . 조리법 , 요리법
hospitality,n . 환대 : 친절
transportation,n . 운송 , 교통
popular,adj . 인기 있는 , 대중 적인
artifact,n . 인공물 , 공예품
ancient artifacts,고대 유물
donation,n . 기부 , 기증
unavailable,adj . ( 사물 / 사람 이 ) 이용할 수 없는 , 손 에 넣을 수 없는
generosity,n . 너그러움 , 관대
gratitude,n . 감사
personal,adj . 개인적인 , 개인 의
access,v . ~ 에 들어가다 . 접근 하다 : 접속 하다 n . 접근 ( 권 ) , 입장
leave,v . 떠나다 : 남기다 . 남겨 두다 : 내버려 두다 . 방치 하다 n , 휴가
lead,v . 지휘 하다 , 이끌다 : ( 어떤 결과 에 ) 이르다
proposal,n . 제안 ( 서 ) , 제 의
fill,v . ( 일자리 에 사람 을 ) 채우다 ; ( 주문 대로 ) 이행 하다
celebrate,v . 기념 하다 . 축하 하다
subscription,n . 정기 구독 ( 료 )
independent,adj . 독립된 , 독자적인
further,adj . 더 이상의 , 추가 의 adv . 더 ( 멀리 ) , 게다가
blame,v . 탓 으로 돌리다 , 비난 하다
author,n , 작가 , 저자
borrow,v . 빌리다 . 차용 하다
session,n . ( 특정 활동 을 위한 ) 시간 , 과정
presentation,n . 발표 , 프레젠테이션
helpful,adj . 도움 이 되는 , 유용한
install,v . 설치 하다 . ( 프로그램 을 ) 깔다
installment,할부
installation,n . 설치 , 설치된 것
repair,n . 수리 , 수선 v . 수리 하다 . 수선 하다
direct,v.- 에게 길 을 안내 하다 . 가르쳐 주다 . ( ~ 로 ) 향하게 하다 . ( 편지 등 을 ) 보내다 adj . 직접적인 , 직행 의
deposit,n . 계약금 , 보증금 , 예금 v . 예금 하다 . 보증금 을 내다
perfectly,adv . 완전히 , 완벽 하게
valuable,adj . 가치 가 큰 : 소중한
furnished,adj . 가구 가 비치 된
furnish,v . ( 가구 를 ) 비치 하다
expect,v . 예기 하다 . 예상 하다
projection,n . 예상 , 추정
keep,v . 유지 하다 , ( 계속 ) 가지고 있다
intriguingly,adv . 흥미롭게 도 , 호기심 을 자극 하여
holder,n . 소지자 , 소유자
belong,v . ~ 에 소속 하다 . ~ 의 소유물 이다
exhibit,n . 전시 ( 회 ) , 출품 , 전시품 v . 전시 하다 . 나타내 다
decision,n . 결정 : 결단력
decisive,adj . 결정적인 : 결단력 있는
bring,v . 가져 오다 . 데려 오다
definitely,adv . 분명히 , 절대로
progress,n . 진행 , 진전 : 진보 v . 진행 ( 진전 ] 되다 , ( 시간 이 ) 지나다
approve,v . 승인 하다 . 인가 하다
welcome,adj . 환영 받는 : ~ 해도 좋은 v . 환영 하다 : 기꺼이 받아 들이다 n . 환영 , 환대
delay,v . 미루다 , 연기 [ 지연 ] 시키다 n . 연기 지연
invitation,n . 초대 : 초대장
directions,n . 방향 , 찾아가는 길 ; 사용법 , 안내 , 지시 ( 사항 )
positive,adj . 긍정적 인 , 호의적 인
reserve,v . 예약 하다 ( -book ) , 지정 하다 ( 권한 을 ) 갖다
evict,v . 쫓아 내다 , 퇴거 시키다
ownership,n . 소유 , 소유권
layout,n . 레이아웃 , 지면 배치 ( = foorplan 평면도 , 배치도 )
dimension,n . 크기 , 규모 , 범위
confident,adj . 자신감 있는 , 확신 하는
diligence,n . 근면 , 성실
wind up,phr . 결국 - 하게 되다
current,adj . 현재 의
experiment,v . 시도 하다 . 실험 삼아 해보다 n . ( 과학 적인 ) 실험
ambitious,adj . 야심 적인 , 야심 있는
exclusively,adv . 독점적 으로 , 오로지 : 배타적 으로
implement,v . 시행 하다 . 이행 하다 n . 연장 , 도구 ( 종종 -s ) : 수단
paperwork,n . 서류 작업 , 문서 업무
Implement,v.- 을 실행 하다
augment,v.- 을 증가 시키기다
clement,adj. 날씨가 좋은
inclement,adj. 날씨가 좋지 않은
subsequent to,prep.- 다음 에 , ~ 차후에
agenda,n . 안건 , 의제 : 의사 일정
brainstorm,v . 브레인 스토밍 을 하다 . 자유롭게 생각 하다
advisor,n . 고문 , 조언자
join,v.- 에 합류 하다 . , 입사 하다
collective,adj . 축적 된 : 공동 의
excluding,prep.- 을 제외 하고
suited,adj . 적합한 , 어울리는
transaction,n . 거래 , 업무 , 매매
certain,adj . 어떤 , 확실한 , 특정한 , 어느 정도 의
lay off,phr . ( 정리 ) 해고 하다
lay off,phr . ( 정리 ) 해고 하다
lay off,phr . ( 정리 ) 해고 하다
need,n . 필요 , 요구 , 욕구 : 필요한 것 ( -s ) v.- 할 필요 가 있다
redundancy,n . 과잉 , 여분 : 잉여 인원 [ 노동력 ]
redundant,adj . 여분 의 , 불필요한
repeatedly,adv . 되풀이 하여 , 여러 차례
streamline,v . ( 일 / 조직 등 을 ) 간소화 ( 능률화 ] 하다
streamlined,adj . 유선형 의 : 능률적 인 , 간결한
yield,v . ( 수익 / 결과 등 을 ) 내다 . 산출 하다 n . 산출 , 생산 ( 액 )
flaw,n . ( 사물 의 ) 결함
avoid,v . 피하다 . 방지 하다
exemplary,adj . 모범적 인 , 본보기 가 되는
informal,adj , 비공식 의 : 격식 에 얽매 이지 않는 , 편안한
renowned,adj . 유명한 , 명성 있는
acceptable,adj . 받아 들일 수 있는 , 마음 에 드는 , 만족 스러운
follow,v . 따라 가다 . ( 시간 / 순서 상 ) 뒤를 잇다 ; 주시 하다 ; ( 분명히 ) 이해 하다
terminate,v . 끝내다 . 종료 하다
termination,n . 종료
private,adj . 민간 의 , 사적인
reflective,adj . 반영 하는 , 반사 하는
description,. n . 서술 , 묘사
place an order,phr . 주문 하다
quantity,n . 양 , 수량
stock,n . 재고 ( 품 ) , 저장 v . ( 판매 할 상품 을 ) 갖춰 두고 있다
warranty,n . 보증 ( 서 ) , 권한
selection,n . 선발 , 선정 ( 된 것 )
accommodation,n . 숙박 시설
accommodate,v . 숙박 을 제공 하다 , 수용 하다
assorted,adj . 여러 가지 의 , 다채로운
assort,v . 분류 하다
assortment,n . 모듬 , 구색 갖춘 것 .
ingredient,n . ( 요리 ) 재료 , 성분
spacious,adj . 넓은 , 확 트인
spacious,adj . 넓은 , 확 트인
depart,v . 떠나다 , 출발 하다
separate,v . 떼어 놓다 : ( 따로 ) 떨어지다 adj . 분리 된 : 독립된
commission,n . 수수료 , 커미션 : 위원회 v . ( 제작 / 일 을 ) 의뢰 하다 . 주문 하다
save,v . ( 돈 을 ) 모으다 , 저축 하다
unease,n . 불안 ( 감 ) , 우려
uneasy,adj . 불안한 , 걱정 되는
compartment,n . 구획 , 구분 , 칸 객실
wing,n . ( 건물 의 ) 동 , 부속 건물
enrollment,n . 등록 , 기재 : 입학
landscape,n . 풍경 , 전망 v . 조경 을 하다
environment,n . 환경 , 주위 의 상황
environment,n . 환경 , 주위 의 상황
conscious,adj . 의식 하는 , 자각 하는
consciousness,n . 의식 , 자각
proficiency,n . 숙달 , 능숙 : 유창함
complication,n . 복잡한 상태 [ 문제 1 : 합병증
patent,v . 특허 를 받다 n . 특허 ( 권 ) ad 특허 의
waste,n . 쓰레기 , 폐기물 v . 낭비 하다 , 허비 하다
initiative,n . 계획 : 진취성 , 결단력 : 주도권 , 주도
suggestion,n . 제안 , 제 의
remove,v . 치우다 . 없애다 , 제거 하다
commuter,n . 통근자
vote,v . 투표 하다 ; ( 누군가 의 제안 에 ) 동의 하다 n . 투표 , 찬반 표시 : 투표권
frequently,adv . 자주 , 흔히
addition,n . 추가 ( 된 것 ) , 추가 물 : 충원 인력
assume,v . ( 임무 / 역할 / 책임 을 ) 맡다 . 가정 [ 추측 , 추정 ] 하다
assumption,n . 가정 : 인수 , 장악
assumable,adj , 맡겨 질 만한
object,v . 반대 하다 , 이의 를 제기 하다 n . 물건 , 물체 : 목적
observe,v . 관찰 하다 . 주시 하다 준수 하다
observation,n . 관찰
observance,n . ( 법률 의 ) 준수
observant,adj . 관찰력 있는 , 엄수 하는
apologize,v . 사과 하다 사죄 하다
indicate,v . 나타내 다 . 보여 주다 . 명시 하다
regret,v . 유감 스럽게 생각 하다 . 후회 하다 n . 유감 , 후회
venue,n . 개최지 , 장소 , 현장
curb,v . 억제 하다 . 제한 하다 n . 억제 , 속박 : ( 보도 의 ) 연석
significantly,adv . 상당히 , 크게
significant,adj. 중요한
affect,v . 영향 을 미치다 . ( 불리 하게 ) 작용 하다
improve,v . 개선 하다
improvement,n . 개량 , 개선 , 향상
lease,n . ( 토지 / 가옥 의 ) 임대차 계약 v . 임대 [ 임차 ] 하다
sculpture,n . 조각 ( 품 )
region,n . 지역 , 지방
regional,adj . 지방 의
surround,v . 둘러 싸다 . 에워 싸다
humble,v . 겸허 [ 겸손 ] 하게 하다 adj 검손 한
encourage,v . 권장 하다 . 고무 하다
encouragement,n . 격려 ( 가 되는 것 )
audience,n . 청중 , 관람객 , 시청자
spectator,n . 관중 , 관객 , 구경꾼
intensive,adj . 집중적 인 , 철두철미 한
intensive,adj . 집중적 인 , 철두철미 한
intensively,adv . 집중적 으로 , 철저 하게
material,n . 재료 , 자료 : 물질
acquaint,v . 알려주 다 , 숙지 시키다
respect,n . 존경 ( 심 ) , 경의
familiarity,n . 익숙 함 , 친숙 함
fit,v.- 에 들어 맞다 . 적합 하다 adj . 적합한 , 적임 의
invite,v . 초대 하다 . 요청 하다
opportunity,n . 기회 ( = chance )
always,adv . 늘 , 항상
keep - to a minimum,phr.- 을 최소 로 하다
on the downside,하락세 로
downside,n . 불리한 면 , 단점
resonate,v . 반향 을 불러 일으키다
wear,n . ( 많이 사용 되어 ) 닮음 , 마모 : ( 오랜 기간 의 ) 사용 v . 닳다
worm,adj 닮은 , 해진
weary,adj . 지친
novice,n . 초보자
haste,n . ( 시간 부족 으로 ) 서두름 , 급함
hastily,adv . 서둘러서 [ = hurriedly)
outsell,v.- 보다 더 많이 팔리다
alternate,adj . 대체 의 , 교체 되는 v . 번 걸아 ( 교대 로 ] 하다
blunder,n . 실수 , 과실
fortune,n . 재산 , 부
principle,n . 원리 , 원칙
public speaking,phr . 공개 연설
recycled,adj . 재활용 된
pledge,n . 약속 , 맹세
commendation,n . 칭찬 , 인정 , 상
commend,v . 칭찬 하다
functionality,n . ( 상품 등 의 ) 기능성
function,v . 작동 하다 n , 기능 ; 행사 , 연회 모임
functional,adj , 기능 적인 , 작동 하는
malfunction,v . 오작동 하다 n . 고장
magnify,v . 확대 하다
personify,v . ~ 를 의인화 하다 ; 전형적 으로 보여 주다 . ~ 의 화신 이다
precaution,n . 예방책 , 예방 조치
inventory,n . 재고 ( 품 ) , 재고 목록 v . 목록 을 만들다 . 재고품 조사 를 하다
locals,n . 지역 주민 , 현지인
upscale,adj . 평균 이상의 : 부자 의
intriguing,adj , 아주 홍미 로운
judge,v.- 로 미루어 판단 하다 n . 심사 위원
judge,v.- 로 미루어 판단 하다 n . 심사 위원
retailer,n . 소매업 자 , 소매 업체
simply,adv . 간단히 , 그냥 , 단순히 ( 어떤 것이 얼마나 쉽 거나 간단한 지를 강조 함 )
dine,v . 식사 를 하다 , 만찬 을 들다
tourist,n . 관광객 , 여행자
typical,adj . 전형적인 , 일반적인
virtually,adv . 사실상
nursery,n . 묘목 장 , 탁아소
sapling,n . 묘목
wrap up,v . 끝내다
exterior,n . 외부 , 외면
interior,n . 내부 , 실내 , 인테리어
name,v . 명명 하다 . 지명 하다 . 임명 하다 n . 이름 : 평판
personally,adv . 직접 , 개별적 으로
domestic,adj . 국내 의 , 국산 의 : 가정 ( 용 ) 의
domestically,adv . 국내 에서
international flights,X4
domestic flights,HA
market,n . 시장 , 업계 v . ( 상품 을 ) 내놓다
trade,n . 무역 , 통상 , 거래 v . 거래 하다 . 매매 하다
acquire,v . 습득 하다 , 인수 하다
consistency,n . 한결 같음 , 일관성
increase,v . 증가 시키다 , 늘리다 n . 증가 , 인상
increasingly,adv . 점점 , 점차
loyalty,n . 충성 ( 심 ) : 충실
merit,n . 장점 : 가치 v . 가치 가 있다
versatile,adj . 다재 다능 한 다용도 의
growth,n . 성장 , 증가
found,v . 설립 하다 , 세우다
propose,v . 제안 하다 , 제의 하다
create,v . 창조 하다 , 만들어 내다
periodic,adj . 주기 적인 , 정기적 인
produce,동사 [ predjú s ] v . 생산 하다 . 제조 하다 명사 [ prádju s l n . 농산물 , 농작물
shortly,adv . 곧 , 얼마 안 되어 : 간단히
attitude,n . 태도 , 마음가짐
mark,v . 흔적 을 남기다 . 기념 하다 n . 자국 , 흔적
thought-provoking,adj . 시사 하는 바가 많은
unfurnished,v . 가구 가 비치 되지 않은
hardware store,철물점
amenity,n . 생활 편의 시설
amenity,n . 생활 편의 시설
versatile,adj . 다재 다능 한 다용도 의
growth,n . 성장 , 증가
found,v . 설립 하다 , 세우다
propose,v . 제안 하다 , 제의 하다
create,v . 창조 하다 , 만들어 내다
periodic,adj . 주기 적인 , 정기적 인
period,n . 기간 , 시기
periodically,adv . 정기적 으로
periodicals,n . 정기 간행물
produce,v . 생산 하다 . 제조 하다 명사 n . 농산물 , 농작물
shortly,adv . 곧 , 얼마 안 되어 : 간단히
attitude,n . 태도 , 마음가짐
mark,v . 흔적 을 남기다 . 기념 하다 n . 자국 , 흔적
thought-provoking,adj . 시사 하는 바가 많은
hardware store,철물점
unfurnished,v . 가구 가 비치 되지 않은
amenity,n . 생활 편의 시설
impede,v . 방해 하다 , 저해 하다
succeed,v . ( 자리 / 지위 등 ) 뒤를 잇다 . 성공 하다
majority,n . 다수 , 대부분
match,v . ( 필요 에 ) 맞추다 . 부응 하다 : 어울리다 n . 짝 , 서로 어울리는 것
offer,v . 제공 하다 : 제안 하다 n . 제공 : 제안 : 특별 할인가
preferential,ad 우선권 ( 특혜 ) 을 주는
publicity,n . 홍보 , 광고 [ 선전 ] : 널리 알려져 있음 , 평판
magnify,v . 확대 하다
personify,v . ~ 를 의인화 하다 ; 전형적 으로 보여 주다 . ~ 의 화신 이다
precaution,n . 예방책 , 예방 조치
inventory,n . 재고 ( 품 ) , 재고 목록 v . 목록 을 만들다 . 재고품 조사 를 하다
locals,n . 지역 주민 , 현지인
upscale,adj . 평균 이상의 : 부자 의
intriguing,adj , 아주 홍미 로운
judge,v.- 로 미루어 판단 하다 n . 심사 위원
economic,adj . 경제 의
derive,v.- 에서 비롯 되다 . ~ 에서 나오다
call for,- 을 필요 로 하다 . 요구 하다
concession stand,n . 구내 매점
succinctly,adv . 간결 하게
intact,adj 온전한 , 손상 되지 않은
premier,n . ( 영화 의 ) 개봉 , ( 연극 의 ) 초연 adj. 219 (-top, main, chief). 최초 의 ( = first )
premier,n . ( 영화 의 ) 개봉 , ( 연극 의 ) 초연 adj. 219 (-top, main, chief). 최초 의 ( = first )
resonate,v . 반향 을 불러 일으키다
wear,n . ( 많이 사용 되어 ) 닮음 , 마모 : ( 오랜 기간 의 ) 사용 v . 닳다
novice,n . 초보자
haste,n . ( 시간 부족 으로 ) 서두름 , 급함
outsell,v.- 보다 더 많이 팔리다 [5. Iterneit)
alternate,adj . 대체 의 , 교체 되는 v . 번 걸아 ( 교대 로 ] 하다
alternative,n . 대안 adj . 대신 하는 , 대체 의
blunder,n . 실수 , 과실
fortune,n . 재산 , 부
principle,n . 원리 , 원칙
public speaking,phr . 공개 연설
recycled,재활용 된
pledge,n . 약속 , 맹세
commendation,n . 칭찬 , 인정 , 상
functionality,n . ( 상품 등 의 ) 기능성
additionally,adv . 게다가 , 추가적으로
paralegal,n . 준 법률가
tribute,| n . 헌사 , 찬사
glare,n ( 불쾌 하게 ) 환한 빛 , 눈부심
glare at-,- 을 노려 보다
fulfillment,n . 이행 , 완수 : 고객 의 주문 처리
correctly,adv . 정확하게 , 바르게
experiential,adj . 경험 에 의한 , 경험 의
preregister,v . 사전 등록 하다
conspicuously,adv . 눈 에 띄게 , 두드러 지게
flurry,n . 눈보라 : ( 잠시 한바탕 벌어지는 ) 부산 , 소동
lodging,n . 임시 숙소
stellar,adj . 뛰어난
visibility,n . 눈 에 잘 보임 , 가시성
last-minute,adj 마지막 순간 의 , 막바지 의